date,realized_daily_pnl,realized_signal_notional,daily_return,cumulative_pnl,drawdown
2024-08-12,114.5935729155479,7000.0,0.01637051041650684,114.5935729155479,0.0
2024-08-13,0.0,0.0,0.0,114.5935729155479,0.0
2024-08-14,0.0,0.0,0.0,114.5935729155479,0.0
2024-08-15,0.0,0.0,0.0,114.5935729155479,0.0
2024-08-16,0.0,0.0,0.0,114.5935729155479,0.0
2024-08-19,0.0,0.0,0.0,114.5935729155479,0.0
2024-08-20,0.0,0.0,0.0,114.5935729155479,0.0
2024-08-21,0.0,0.0,0.0,114.5935729155479,0.0
2024-08-22,-59.704735821482636,1000.0,-0.059704735821482634,54.88883709406526,-59.704735821482636
2024-08-23,0.0,0.0,0.0,54.88883709406526,-59.704735821482636
2024-08-26,-17.087665709949697,1000.0,-0.017087665709949698,37.80117138411556,-76.79240153143233
2024-08-27,0.0,0.0,0.0,37.80117138411556,-76.79240153143233
2024-08-28,0.0,0.0,0.0,37.80117138411556,-76.79240153143233
2024-08-29,58.81214846303897,3000.0,0.01960404948767966,96.61331984715454,-17.980253068393353
2024-08-30,0.0,0.0,0.0,96.61331984715454,-17.980253068393353
2024-09-02,0.0,0.0,0.0,96.61331984715454,-17.980253068393353
2024-09-03,0.0,0.0,0.0,96.61331984715454,-17.980253068393353
2024-09-04,1.6178303703107542,3000.0,0.0005392767901035848,98.2311502174653,-16.362422698082597
2024-09-05,0.0,0.0,0.0,98.2311502174653,-16.362422698082597
2024-09-06,0.0,0.0,0.0,98.2311502174653,-16.362422698082597
2024-09-09,38.17824782034508,2000.0,0.019089123910172538,136.40939803781038,0.0
2024-09-10,35.63628145154075,2000.0,0.017818140725770377,172.04567948935113,0.0
2024-09-11,0.0,0.0,0.0,172.04567948935113,0.0
2024-09-12,0.0,0.0,0.0,172.04567948935113,0.0
2024-09-13,0.0,0.0,0.0,172.04567948935113,0.0
2024-09-16,0.0,0.0,0.0,172.04567948935113,0.0
2024-09-17,0.0,0.0,0.0,172.04567948935113,0.0
2024-09-18,0.0,0.0,0.0,172.04567948935113,0.0
2024-09-19,0.0,0.0,0.0,172.04567948935113,0.0
2024-09-20,0.0,0.0,0.0,172.04567948935113,0.0
2024-09-23,0.0,0.0,0.0,172.04567948935113,0.0
2024-09-24,0.0,0.0,0.0,172.04567948935113,0.0
2024-09-25,0.0,0.0,0.0,172.04567948935113,0.0
2024-09-26,0.0,0.0,0.0,172.04567948935113,0.0
2024-09-27,-17.182291139545633,2000.0,-0.008591145569772817,154.8633883498055,-17.18229113954564
2024-09-30,0.0,0.0,0.0,154.8633883498055,-17.18229113954564
2024-10-01,0.0,0.0,0.0,154.8633883498055,-17.18229113954564
2024-10-02,0.0,0.0,0.0,154.8633883498055,-17.18229113954564
2024-10-03,0.0,0.0,0.0,154.8633883498055,-17.18229113954564
2024-10-04,0.0,0.0,0.0,154.8633883498055,-17.18229113954564
2024-10-07,0.0,0.0,0.0,154.8633883498055,-17.18229113954564
2024-10-08,3.3921390683933574,7000.0,0.00048459129548476533,158.25552741819885,-13.790152071152278
2024-10-09,-38.61372056439866,8000.0,-0.004826715070549833,119.64180685380019,-52.40387263555094
2024-10-10,0.0,0.0,0.0,119.64180685380019,-52.40387263555094
2024-10-11,0.0,0.0,0.0,119.64180685380019,-52.40387263555094
2024-10-14,0.0,0.0,0.0,119.64180685380019,-52.40387263555094
2024-10-15,0.0,0.0,0.0,119.64180685380019,-52.40387263555094
2024-10-16,0.0,0.0,0.0,119.64180685380019,-52.40387263555094
2024-10-17,0.0,0.0,0.0,119.64180685380019,-52.40387263555094
2024-10-18,-53.52071623245948,6000.0,-0.00892011937207658,66.12109062134071,-105.92458886801042
2024-10-21,0.0,0.0,0.0,66.12109062134071,-105.92458886801042
2024-10-22,0.0,0.0,0.0,66.12109062134071,-105.92458886801042
2024-10-23,0.0,0.0,0.0,66.12109062134071,-105.92458886801042
2024-10-24,0.0,0.0,0.0,66.12109062134071,-105.92458886801042
2024-10-25,0.0,0.0,0.0,66.12109062134071,-105.92458886801042
2024-10-28,0.0,0.0,0.0,66.12109062134071,-105.92458886801042
2024-10-29,0.0,0.0,0.0,66.12109062134071,-105.92458886801042
2024-10-30,-95.5303397452761,6000.0,-0.01592172329087935,-29.409249123935382,-201.4549286132865
2024-10-31,0.0,0.0,0.0,-29.409249123935382,-201.4549286132865
2024-11-01,0.0,0.0,0.0,-29.409249123935382,-201.4549286132865
2024-11-04,0.0,0.0,0.0,-29.409249123935382,-201.4549286132865
2024-11-05,0.0,0.0,0.0,-29.409249123935382,-201.4549286132865
2024-11-06,0.0,0.0,0.0,-29.409249123935382,-201.4549286132865
2024-11-07,0.0,0.0,0.0,-29.409249123935382,-201.4549286132865
2024-11-08,0.0,0.0,0.0,-29.409249123935382,-201.4549286132865
2024-11-11,0.0,0.0,0.0,-29.409249123935382,-201.4549286132865
2024-11-12,0.0,0.0,0.0,-29.409249123935382,-201.4549286132865
2024-11-13,0.0,0.0,0.0,-29.409249123935382,-201.4549286132865
2024-11-14,0.0,0.0,0.0,-29.409249123935382,-201.4549286132865
2024-11-15,0.0,0.0,0.0,-29.409249123935382,-201.4549286132865
2024-11-18,0.0,0.0,0.0,-29.409249123935382,-201.4549286132865
2024-11-19,0.0,0.0,0.0,-29.409249123935382,-201.4549286132865
2024-11-20,0.0,0.0,0.0,-29.409249123935382,-201.4549286132865
2024-11-21,0.0,0.0,0.0,-29.409249123935382,-201.4549286132865
2024-11-22,0.0,0.0,0.0,-29.409249123935382,-201.4549286132865
2024-11-25,0.0,0.0,0.0,-29.409249123935382,-201.4549286132865
2024-11-26,0.0,0.0,0.0,-29.409249123935382,-201.4549286132865
2024-11-27,0.0,0.0,0.0,-29.409249123935382,-201.4549286132865
2024-11-28,0.0,0.0,0.0,-29.409249123935382,-201.4549286132865
2024-11-29,0.0,0.0,0.0,-29.409249123935382,-201.4549286132865
2024-12-02,0.0,0.0,0.0,-29.409249123935382,-201.4549286132865
2024-12-03,0.0,0.0,0.0,-29.409249123935382,-201.4549286132865
2024-12-04,0.0,0.0,0.0,-29.409249123935382,-201.4549286132865
2024-12-05,0.0,0.0,0.0,-29.409249123935382,-201.4549286132865
2024-12-06,0.0,0.0,0.0,-29.409249123935382,-201.4549286132865
2024-12-09,0.0,0.0,0.0,-29.409249123935382,-201.4549286132865
2024-12-10,0.0,0.0,0.0,-29.409249123935382,-201.4549286132865
2024-12-11,0.0,0.0,0.0,-29.409249123935382,-201.4549286132865
2024-12-12,0.0,0.0,0.0,-29.409249123935382,-201.4549286132865
2024-12-13,0.0,0.0,0.0,-29.409249123935382,-201.4549286132865
2024-12-16,0.0,0.0,0.0,-29.409249123935382,-201.4549286132865
2024-12-17,0.0,0.0,0.0,-29.409249123935382,-201.4549286132865
2024-12-18,0.0,0.0,0.0,-29.409249123935382,-201.4549286132865
2024-12-19,0.0,0.0,0.0,-29.409249123935382,-201.4549286132865
2024-12-20,0.0,0.0,0.0,-29.409249123935382,-201.4549286132865
2024-12-23,0.0,0.0,0.0,-29.409249123935382,-201.4549286132865
2024-12-24,0.0,0.0,0.0,-29.409249123935382,-201.4549286132865
2024-12-25,0.0,0.0,0.0,-29.409249123935382,-201.4549286132865
2024-12-26,0.0,0.0,0.0,-29.409249123935382,-201.4549286132865
2024-12-27,0.0,0.0,0.0,-29.409249123935382,-201.4549286132865
2024-12-30,0.0,0.0,0.0,-29.409249123935382,-201.4549286132865
2024-12-31,0.0,0.0,0.0,-29.409249123935382,-201.4549286132865
2025-01-01,0.0,0.0,0.0,-29.409249123935382,-201.4549286132865
2025-01-02,0.0,0.0,0.0,-29.409249123935382,-201.4549286132865
2025-01-03,0.0,0.0,0.0,-29.409249123935382,-201.4549286132865
2025-01-06,0.0,0.0,0.0,-29.409249123935382,-201.4549286132865
2025-01-07,0.0,0.0,0.0,-29.409249123935382,-201.4549286132865
2025-01-08,0.0,0.0,0.0,-29.409249123935382,-201.4549286132865
2025-01-09,0.0,0.0,0.0,-29.409249123935382,-201.4549286132865
2025-01-10,0.0,0.0,0.0,-29.409249123935382,-201.4549286132865
2025-01-13,0.0,0.0,0.0,-29.409249123935382,-201.4549286132865
2025-01-14,0.0,0.0,0.0,-29.409249123935382,-201.4549286132865
2025-01-15,0.0,0.0,0.0,-29.409249123935382,-201.4549286132865
2025-01-16,0.0,0.0,0.0,-29.409249123935382,-201.4549286132865
2025-01-17,0.0,0.0,0.0,-29.409249123935382,-201.4549286132865
2025-01-20,0.0,0.0,0.0,-29.409249123935382,-201.4549286132865
2025-01-21,0.0,0.0,0.0,-29.409249123935382,-201.4549286132865
2025-01-22,0.0,0.0,0.0,-29.409249123935382,-201.4549286132865
2025-01-23,0.0,0.0,0.0,-29.409249123935382,-201.4549286132865
2025-01-24,0.0,0.0,0.0,-29.409249123935382,-201.4549286132865
2025-01-27,0.0,0.0,0.0,-29.409249123935382,-201.4549286132865
2025-01-28,0.0,0.0,0.0,-29.409249123935382,-201.4549286132865
2025-01-29,0.0,0.0,0.0,-29.409249123935382,-201.4549286132865
2025-01-30,0.0,0.0,0.0,-29.409249123935382,-201.4549286132865
2025-01-31,0.0,0.0,0.0,-29.409249123935382,-201.4549286132865
2025-02-03,0.0,0.0,0.0,-29.409249123935382,-201.4549286132865
2025-02-04,0.0,0.0,0.0,-29.409249123935382,-201.4549286132865
2025-02-05,0.0,0.0,0.0,-29.409249123935382,-201.4549286132865
2025-02-06,0.0,0.0,0.0,-29.409249123935382,-201.4549286132865
2025-02-07,0.0,0.0,0.0,-29.409249123935382,-201.4549286132865
2025-02-10,0.0,0.0,0.0,-29.409249123935382,-201.4549286132865
2025-02-11,0.0,0.0,0.0,-29.409249123935382,-201.4549286132865
2025-02-12,0.0,0.0,0.0,-29.409249123935382,-201.4549286132865
2025-02-13,0.0,0.0,0.0,-29.409249123935382,-201.4549286132865
2025-02-14,0.0,0.0,0.0,-29.409249123935382,-201.4549286132865
2025-02-17,0.0,0.0,0.0,-29.409249123935382,-201.4549286132865
2025-02-18,0.0,0.0,0.0,-29.409249123935382,-201.4549286132865
2025-02-19,0.0,0.0,0.0,-29.409249123935382,-201.4549286132865
2025-02-20,0.0,0.0,0.0,-29.409249123935382,-201.4549286132865
2025-02-21,0.0,0.0,0.0,-29.409249123935382,-201.4549286132865
2025-02-24,0.0,0.0,0.0,-29.409249123935382,-201.4549286132865
2025-02-25,0.0,0.0,0.0,-29.409249123935382,-201.4549286132865
2025-02-26,0.0,0.0,0.0,-29.409249123935382,-201.4549286132865
2025-02-27,0.0,0.0,0.0,-29.409249123935382,-201.4549286132865
2025-02-28,0.0,0.0,0.0,-29.409249123935382,-201.4549286132865
2025-03-03,0.0,0.0,0.0,-29.409249123935382,-201.4549286132865
2025-03-04,0.0,0.0,0.0,-29.409249123935382,-201.4549286132865
2025-03-05,0.0,0.0,0.0,-29.409249123935382,-201.4549286132865
2025-03-06,0.0,0.0,0.0,-29.409249123935382,-201.4549286132865
2025-03-07,0.0,0.0,0.0,-29.409249123935382,-201.4549286132865
2025-03-10,0.0,0.0,0.0,-29.409249123935382,-201.4549286132865
2025-03-11,0.0,0.0,0.0,-29.409249123935382,-201.4549286132865
2025-03-12,0.0,0.0,0.0,-29.409249123935382,-201.4549286132865
2025-03-13,0.0,0.0,0.0,-29.409249123935382,-201.4549286132865
2025-03-14,0.0,0.0,0.0,-29.409249123935382,-201.4549286132865
2025-03-17,0.0,0.0,0.0,-29.409249123935382,-201.4549286132865
2025-03-18,0.0,0.0,0.0,-29.409249123935382,-201.4549286132865
2025-03-19,0.0,0.0,0.0,-29.409249123935382,-201.4549286132865
2025-03-20,0.0,0.0,0.0,-29.409249123935382,-201.4549286132865
2025-03-21,0.0,0.0,0.0,-29.409249123935382,-201.4549286132865
2025-03-24,0.0,0.0,0.0,-29.409249123935382,-201.4549286132865
2025-03-25,0.0,0.0,0.0,-29.409249123935382,-201.4549286132865
2025-03-26,0.0,0.0,0.0,-29.409249123935382,-201.4549286132865
2025-03-27,0.0,0.0,0.0,-29.409249123935382,-201.4549286132865
2025-03-28,0.0,0.0,0.0,-29.409249123935382,-201.4549286132865
2025-03-31,0.0,0.0,0.0,-29.409249123935382,-201.4549286132865
2025-04-01,0.0,0.0,0.0,-29.409249123935382,-201.4549286132865
2025-04-02,0.0,0.0,0.0,-29.409249123935382,-201.4549286132865
2025-04-03,0.0,0.0,0.0,-29.409249123935382,-201.4549286132865
2025-04-04,0.0,0.0,0.0,-29.409249123935382,-201.4549286132865
2025-04-07,0.0,0.0,0.0,-29.409249123935382,-201.4549286132865
2025-04-08,0.0,0.0,0.0,-29.409249123935382,-201.4549286132865
2025-04-09,0.0,0.0,0.0,-29.409249123935382,-201.4549286132865
2025-04-10,0.0,0.0,0.0,-29.409249123935382,-201.4549286132865
2025-04-11,0.0,0.0,0.0,-29.409249123935382,-201.4549286132865
2025-04-14,0.0,0.0,0.0,-29.409249123935382,-201.4549286132865
2025-04-15,0.0,0.0,0.0,-29.409249123935382,-201.4549286132865
2025-04-16,0.0,0.0,0.0,-29.409249123935382,-201.4549286132865
2025-04-17,0.0,0.0,0.0,-29.409249123935382,-201.4549286132865
2025-04-18,0.0,0.0,0.0,-29.409249123935382,-201.4549286132865
2025-04-21,0.0,0.0,0.0,-29.409249123935382,-201.4549286132865
2025-04-22,0.0,0.0,0.0,-29.409249123935382,-201.4549286132865
2025-04-23,0.0,0.0,0.0,-29.409249123935382,-201.4549286132865
2025-04-24,0.0,0.0,0.0,-29.409249123935382,-201.4549286132865
2025-04-25,0.0,0.0,0.0,-29.409249123935382,-201.4549286132865
2025-04-28,0.0,0.0,0.0,-29.409249123935382,-201.4549286132865
2025-04-29,0.0,0.0,0.0,-29.409249123935382,-201.4549286132865
2025-04-30,0.0,0.0,0.0,-29.409249123935382,-201.4549286132865
2025-05-01,0.0,0.0,0.0,-29.409249123935382,-201.4549286132865
2025-05-02,0.0,0.0,0.0,-29.409249123935382,-201.4549286132865
2025-05-05,0.0,0.0,0.0,-29.409249123935382,-201.4549286132865
2025-05-06,0.0,0.0,0.0,-29.409249123935382,-201.4549286132865
2025-05-07,0.0,0.0,0.0,-29.409249123935382,-201.4549286132865
2025-05-08,5.126258201229315,3000.0,0.001708752733743105,-24.282990922706066,-196.3286704120572
2025-05-09,0.0,0.0,0.0,-24.282990922706066,-196.3286704120572
2025-05-12,0.0,0.0,0.0,-24.282990922706066,-196.3286704120572
2025-05-13,0.0,0.0,0.0,-24.282990922706066,-196.3286704120572
2025-05-14,-181.232152811965,5000.0,-0.036246430562392996,-205.51514373467106,-377.5608232240222
2025-05-15,-44.7066791013772,3000.0,-0.014902226367125732,-250.22182283604826,-422.2675023253994
2025-05-16,0.0,0.0,0.0,-250.22182283604826,-422.2675023253994
2025-05-19,0.0,0.0,0.0,-250.22182283604826,-422.2675023253994
2025-05-20,0.0,0.0,0.0,-250.22182283604826,-422.2675023253994
2025-05-21,0.0,0.0,0.0,-250.22182283604826,-422.2675023253994
2025-05-22,-41.76467356962316,1000.0,-0.04176467356962316,-291.9864964056714,-464.03217589502253
2025-05-23,0.0,0.0,0.0,-291.9864964056714,-464.03217589502253
2025-05-26,0.0,0.0,0.0,-291.9864964056714,-464.03217589502253
2025-05-27,123.6916854175808,3000.0,0.041230561805860266,-168.2948109880906,-340.34049047744173
2025-05-28,79.33434829829282,1000.0,0.07933434829829282,-88.96046268979778,-261.0061421791489
2025-05-29,0.0,0.0,0.0,-88.96046268979778,-261.0061421791489
2025-05-30,-57.79211017159677,10000.0,-0.005779211017159677,-146.75257286139455,-318.79825235074566
2025-06-02,0.0,0.0,0.0,-146.75257286139455,-318.79825235074566
2025-06-03,0.0,0.0,0.0,-146.75257286139455,-318.79825235074566
2025-06-04,0.0,0.0,0.0,-146.75257286139455,-318.79825235074566
2025-06-05,0.0,0.0,0.0,-146.75257286139455,-318.79825235074566
2025-06-06,0.0,0.0,0.0,-146.75257286139455,-318.79825235074566
2025-06-09,0.0,0.0,0.0,-146.75257286139455,-318.79825235074566
2025-06-10,0.0,0.0,0.0,-146.75257286139455,-318.79825235074566
2025-06-11,0.0,0.0,0.0,-146.75257286139455,-318.79825235074566
2025-06-12,-24.6956922689627,1000.0,-0.024695692268962698,-171.44826513035724,-343.4939446197084
2025-06-13,0.0,0.0,0.0,-171.44826513035724,-343.4939446197084
2025-06-16,13.952727463002564,1000.0,0.013952727463002563,-157.49553766735468,-329.5412171567058
2025-06-17,70.4683761092777,5000.0,0.014093675221855539,-87.02716155807698,-259.07284104742814
2025-06-18,-17.817418216523798,7000.0,-0.0025453454595034,-104.84457977460079,-276.8902592639519
2025-06-19,0.0,0.0,0.0,-104.84457977460079,-276.8902592639519
2025-06-20,-39.5007929206942,2000.0,-0.0197503964603471,-144.345372695295,-316.3910521846461
2025-06-23,0.0,0.0,0.0,-144.345372695295,-316.3910521846461
2025-06-24,-777.1735696084419,16000.0,-0.048573348100527616,-921.5189423037368,-1093.564621793088
2025-06-25,-68.75935001030263,10000.0,-0.006875935001030262,-990.2782923140394,-1162.3239718033906
2025-06-26,0.0,0.0,0.0,-990.2782923140394,-1162.3239718033906
2025-06-27,200.43165529301857,7000.0,0.028633093613288366,-789.8466370210208,-961.892316510372
2025-06-30,151.2129639245858,6000.0,0.025202160654097635,-638.633673096435,-810.6793525857861
2025-07-01,0.0,0.0,0.0,-638.633673096435,-810.6793525857861
2025-07-02,0.0,0.0,0.0,-638.633673096435,-810.6793525857861
2025-07-03,0.0,0.0,0.0,-638.633673096435,-810.6793525857861
2025-07-04,0.0,0.0,0.0,-638.633673096435,-810.6793525857861
2025-07-07,0.0,0.0,0.0,-638.633673096435,-810.6793525857861
2025-07-08,0.0,0.0,0.0,-638.633673096435,-810.6793525857861
2025-07-09,0.0,0.0,0.0,-638.633673096435,-810.6793525857861
2025-07-10,0.0,0.0,0.0,-638.633673096435,-810.6793525857861
2025-07-11,0.0,0.0,0.0,-638.633673096435,-810.6793525857861
2025-07-14,0.0,0.0,0.0,-638.633673096435,-810.6793525857861
2025-07-15,0.0,0.0,0.0,-638.633673096435,-810.6793525857861
2025-07-16,0.0,0.0,0.0,-638.633673096435,-810.6793525857861
2025-07-17,-6.64622968404433,1000.0,-0.00664622968404433,-645.2799027804793,-817.3255822698304
2025-07-18,0.0,0.0,0.0,-645.2799027804793,-817.3255822698304
2025-07-21,88.31629685754918,3000.0,0.029438765619183058,-556.9636059229301,-729.0092854122813
2025-07-22,-101.89995547151045,1000.0,-0.10189995547151046,-658.8635613944406,-830.9092408837917
2025-07-23,0.0,0.0,0.0,-658.8635613944406,-830.9092408837917
2025-07-24,0.0,0.0,0.0,-658.8635613944406,-830.9092408837917
2025-07-25,0.0,0.0,0.0,-658.8635613944406,-830.9092408837917
2025-07-28,4.825894473396017,1000.0,0.0048258944733960175,-654.0376669210445,-826.0833464103957
2025-07-29,0.0,0.0,0.0,-654.0376669210445,-826.0833464103957
2025-07-30,653.3022143816262,9000.0,0.0725891349312918,-0.7354525394183611,-172.7811320287695
2025-07-31,0.0,0.0,0.0,-0.7354525394183611,-172.7811320287695
2025-08-01,-62.866004860310866,1000.0,-0.06286600486031087,-63.60145739972923,-235.64713688908034
2025-08-04,-169.5380197420676,5000.0,-0.03390760394841352,-233.13947714179682,-405.18515663114795
2025-08-05,-198.7396096559803,4000.0,-0.04968490241399508,-431.8790867977771,-603.9247662871283
2025-08-06,0.0,0.0,0.0,-431.8790867977771,-603.9247662871283
2025-08-07,0.0,0.0,0.0,-431.8790867977771,-603.9247662871283
2025-08-08,-65.00000238418579,1000.0,-0.0650000023841858,-496.8790891819629,-668.924768671314
2025-08-11,6.710379084419156,5000.0,0.001342075816883831,-490.16871009754374,-662.2143895868949
2025-08-12,69.57096368994749,1000.0,0.06957096368994749,-420.5977464075962,-592.6434258969473
2025-08-13,0.0,0.0,0.0,-420.5977464075962,-592.6434258969473
2025-08-14,0.0,0.0,0.0,-420.5977464075962,-592.6434258969473
2025-08-15,0.0,0.0,0.0,-420.5977464075962,-592.6434258969473
2025-08-18,0.0,0.0,0.0,-420.5977464075962,-592.6434258969473
2025-08-19,0.0,0.0,0.0,-420.5977464075962,-592.6434258969473
2025-08-20,0.0,0.0,0.0,-420.5977464075962,-592.6434258969473
2025-08-21,0.0,0.0,0.0,-420.5977464075962,-592.6434258969473
2025-08-22,0.0,0.0,0.0,-420.5977464075962,-592.6434258969473
2025-08-25,0.0,0.0,0.0,-420.5977464075962,-592.6434258969473
2025-08-26,0.0,0.0,0.0,-420.5977464075962,-592.6434258969473
2025-08-27,1679.0122789247175,1000.0,1.6790122789247175,1258.4145325171212,0.0
2025-08-28,0.0,0.0,0.0,1258.4145325171212,0.0
2025-08-29,-5.310847926784206,1000.0,-0.005310847926784205,1253.103684590337,-5.310847926784163
2025-09-01,0.0,0.0,0.0,1253.103684590337,-5.310847926784163
2025-09-02,0.0,0.0,0.0,1253.103684590337,-5.310847926784163
2025-09-03,0.0,0.0,0.0,1253.103684590337,-5.310847926784163
2025-09-04,-31.863165002349078,3000.0,-0.010621055000783025,1221.240519587988,-37.17401292913314
2025-09-05,0.0,0.0,0.0,1221.240519587988,-37.17401292913314
2025-09-08,-36.04316384004024,1000.0,-0.03604316384004024,1185.1973557479478,-73.21717676917342
2025-09-09,-60.11135944208203,2000.0,-0.030055679721041017,1125.0859963058658,-133.32853621125537
2025-09-10,-27.129660938127497,2000.0,-0.013564830469063748,1097.9563353677383,-160.45819714938284
2025-09-11,0.0,0.0,0.0,1097.9563353677383,-160.45819714938284
2025-09-12,63.832790681916606,6000.0,0.0106387984469861,1161.789126049655,-96.62540646746629
2025-09-15,9.055050336569403,1000.0,0.009055050336569403,1170.8441763862243,-87.57035613089693
2025-09-16,-54.8169229984855,1000.0,-0.0548169229984855,1116.0272533877387,-142.38727912938248
2025-09-17,0.0,0.0,0.0,1116.0272533877387,-142.38727912938248
2025-09-18,-3.263960959176554,1000.0,-0.0032639609591765544,1112.7632924285622,-145.651240088559
2025-09-19,0.0,0.0,0.0,1112.7632924285622,-145.651240088559
2025-09-22,0.0,0.0,0.0,1112.7632924285622,-145.651240088559
2025-09-23,0.0,0.0,0.0,1112.7632924285622,-145.651240088559
2025-09-24,-132.90548742161752,3000.0,-0.04430182914053917,979.8578050069447,-278.55672751017653
2025-09-25,-22.514327760676444,3000.0,-0.007504775920225482,957.3434772462682,-301.071055270853
2025-09-26,-14.733943487274304,2000.0,-0.007366971743637153,942.6095337589938,-315.80499875812734
2025-09-29,142.8639031915517,6000.0,0.023810650531925284,1085.4734369505456,-172.94109556657554
2025-09-30,0.0,0.0,0.0,1085.4734369505456,-172.94109556657554
2025-10-01,-89.73006255719382,3000.0,-0.02991002085239794,995.7433743933518,-262.6711581237694
2025-10-02,-256.8853927833629,9000.0,-0.028542821420373652,738.8579816099889,-519.5565509071323
2025-10-03,67.57502980313005,1000.0,0.06757502980313004,806.433011413119,-451.98152110400224
2025-10-06,46.17078865262447,1000.0,0.04617078865262447,852.6038000657434,-405.8107324513778
2025-10-07,-84.77255048064143,6000.0,-0.014128758413440239,767.8312495851019,-490.5832829320193
2025-10-08,71.91579768023402,7000.0,0.010273685382890575,839.7470472653359,-418.66748525178525
2025-10-09,-94.85511006153288,4000.0,-0.02371377751538322,744.8919372038031,-513.5225953133181
2025-10-10,-62.27716396330011,8000.0,-0.007784645495412514,682.6147732405029,-575.7997592766183
2025-10-13,-557.0952235468491,18000.0,-0.030949734641491616,125.51954969365386,-1132.8949828234672
2025-10-14,-202.4901248400845,5000.0,-0.040498024968016896,-76.97057514643063,-1335.385107663552
2025-10-15,0.0,0.0,0.0,-76.97057514643063,-1335.385107663552
2025-10-16,-27.589180640255673,1000.0,-0.027589180640255673,-104.55975578668631,-1362.9742883038075
2025-10-17,-92.73334481315449,6000.0,-0.015455557468859082,-197.29310059984078,-1455.707633116962
2025-10-20,222.32821198821168,5000.0,0.044465642397642335,25.035111388370893,-1233.3794211287502
2025-10-21,25.825490133685406,2000.0,0.012912745066842703,50.8606015220563,-1207.553930995065
2025-10-22,54.015630503789865,2000.0,0.027007815251894933,104.87623202584616,-1153.538300491275
2025-10-23,-70.21493277758901,2000.0,-0.03510746638879451,34.66129924825715,-1223.753233268864
2025-10-24,-68.90700710775377,3000.0,-0.022969002369251257,-34.24570785949662,-1292.6602403766178
2025-10-27,76.717548170321,3000.0,0.025572516056773666,42.471840310824376,-1215.942692206297
2025-10-28,0.0,0.0,0.0,42.471840310824376,-1215.942692206297
2025-10-29,12.308270017413227,1000.0,0.012308270017413227,54.780110328237605,-1203.6344221888835
2025-10-30,0.0,0.0,0.0,54.780110328237605,-1203.6344221888835
2025-10-31,0.0,0.0,0.0,54.780110328237605,-1203.6344221888835
2025-11-03,0.0,0.0,0.0,54.780110328237605,-1203.6344221888835
2025-11-04,0.0,0.0,0.0,54.780110328237605,-1203.6344221888835
2025-11-05,-21.21802245994631,1000.0,-0.021218022459946313,33.56208786829129,-1224.85244464883
2025-11-06,0.0,0.0,0.0,33.56208786829129,-1224.85244464883
2025-11-07,0.0,0.0,0.0,33.56208786829129,-1224.85244464883
2025-11-10,0.0,0.0,0.0,33.56208786829129,-1224.85244464883
2025-11-11,0.0,0.0,0.0,33.56208786829129,-1224.85244464883
2025-11-12,5.28399323304012,1000.0,0.00528399323304012,38.846081101331414,-1219.5684514157897
2025-11-13,-14.887859223681696,2000.0,-0.007443929611840848,23.95822187764972,-1234.4563106394714
2025-11-14,0.0,0.0,0.0,23.95822187764972,-1234.4563106394714
2025-11-17,0.0,0.0,0.0,23.95822187764972,-1234.4563106394714
2025-11-18,-151.8287926287137,1000.0,-0.1518287926287137,-127.87057075106398,-1386.2851032681851
2025-11-19,0.0,0.0,0.0,-127.87057075106398,-1386.2851032681851
2025-11-20,0.0,0.0,0.0,-127.87057075106398,-1386.2851032681851
2025-11-21,-28.088569349726846,1000.0,-0.028088569349726845,-155.95914010079082,-1414.373672617912
2025-11-24,0.0,0.0,0.0,-155.95914010079082,-1414.373672617912
2025-11-25,0.0,0.0,0.0,-155.95914010079082,-1414.373672617912
2025-11-26,0.0,0.0,0.0,-155.95914010079082,-1414.373672617912
2025-11-27,0.0,0.0,0.0,-155.95914010079082,-1414.373672617912
2025-11-28,0.0,0.0,0.0,-155.95914010079082,-1414.373672617912
2025-12-01,12.771390244884817,1000.0,0.012771390244884816,-143.187749855906,-1401.6022823730273
2025-12-02,279.41017754323195,3000.0,0.09313672584774399,136.22242768732596,-1122.1921048297952
2025-12-03,163.60951278018047,3000.0,0.054536504260060154,299.83194046750646,-958.5825920496147
2025-12-04,0.0,0.0,0.0,299.83194046750646,-958.5825920496147
2025-12-05,-30.866317988889982,2000.0,-0.01543315899444499,268.96562247861647,-989.4489100385047
2025-12-08,19.477122426317166,1000.0,0.019477122426317165,288.44274490493365,-969.9717876121875
2025-12-09,0.0,0.0,0.0,288.44274490493365,-969.9717876121875
2025-12-10,0.0,0.0,0.0,288.44274490493365,-969.9717876121875
2025-12-11,0.0,0.0,0.0,288.44274490493365,-969.9717876121875
2025-12-12,0.0,0.0,0.0,288.44274490493365,-969.9717876121875
2025-12-15,0.0,0.0,0.0,288.44274490493365,-969.9717876121875
2025-12-16,0.0,0.0,0.0,288.44274490493365,-969.9717876121875
2025-12-17,0.0,0.0,0.0,288.44274490493365,-969.9717876121875
2025-12-18,0.0,0.0,0.0,288.44274490493365,-969.9717876121875
2025-12-19,0.0,0.0,0.0,288.44274490493365,-969.9717876121875
2025-12-22,0.0,0.0,0.0,288.44274490493365,-969.9717876121875
2025-12-23,104.7342121995053,4000.0,0.026183553049876324,393.17695710443894,-865.2375754126822
2025-12-24,0.0,0.0,0.0,393.17695710443894,-865.2375754126822
2025-12-25,0.0,0.0,0.0,393.17695710443894,-865.2375754126822
2025-12-26,0.0,0.0,0.0,393.17695710443894,-865.2375754126822
2025-12-29,7.059543094563699,1000.0,0.007059543094563699,400.23650019900265,-858.1780323181185
2025-12-30,-120.33796872273255,16000.0,-0.007521123045170785,279.8985314762701,-978.516001040851
2025-12-31,0.0,0.0,0.0,279.8985314762701,-978.516001040851
2026-01-01,0.0,0.0,0.0,279.8985314762701,-978.516001040851
2026-01-02,0.0,0.0,0.0,279.8985314762701,-978.516001040851
2026-01-05,0.0,0.0,0.0,279.8985314762701,-978.516001040851
2026-01-06,0.0,0.0,0.0,279.8985314762701,-978.516001040851
2026-01-07,21.541737201142617,6000.0,0.0035902895335237694,301.4402686774127,-956.9742638397086
2026-01-08,470.55396452243485,9000.0,0.052283773835826095,771.9942331998475,-486.4202993172737
2026-01-09,159.7597073731581,2000.0,0.07987985368657906,931.7539405730056,-326.6605919441156
2026-01-12,0.0,0.0,0.0,931.7539405730056,-326.6605919441156
2026-01-13,-1.6669391732632448,2000.0,-0.0008334695866316224,930.0870013997423,-328.32753111737884
2026-01-14,15.520782874398018,2000.0,0.007760391437199009,945.6077842741404,-312.8067482429808
2026-01-15,0.0,0.0,0.0,945.6077842741404,-312.8067482429808
2026-01-16,406.36107414394803,7000.0,0.058051582020564006,1351.9688584180885,0.0
2026-01-19,0.0,0.0,0.0,1351.9688584180885,0.0
2026-01-20,0.0,0.0,0.0,1351.9688584180885,0.0
2026-01-21,18.260091431731755,2000.0,0.009130045715865877,1370.2289498498203,0.0
2026-01-22,0.0,0.0,0.0,1370.2289498498203,0.0
2026-01-23,31.37583116665008,1000.0,0.03137583116665008,1401.6047810164705,0.0
2026-01-26,-23.604908218470783,1000.0,-0.023604908218470784,1377.9998727979996,-23.604908218470882
2026-01-27,-5.726712049393338,3000.0,-0.001908904016464446,1372.2731607486062,-29.33162026786431
2026-01-28,-36.857378976978815,1000.0,-0.036857378976978813,1335.4157817716273,-66.18899924484322
2026-01-29,-66.23206713990214,6000.0,-0.011038677856650357,1269.1837146317253,-132.42106638474525
2026-01-30,55.972357808943954,14000.0,0.003998025557781711,1325.1560724406693,-76.44870857580122
2026-02-02,39.58825762812966,4000.0,0.009897064407032415,1364.744330068799,-36.86045094767155
2026-02-03,69.26796346176346,2000.0,0.03463398173088173,1434.0122935305624,0.0
2026-02-04,-154.3326576125129,4000.0,-0.03858316440312822,1279.6796359180494,-154.332657612513
2026-02-05,-320.80910020208296,7000.0,-0.04582987145744042,958.8705357159664,-475.14175781459596
2026-02-06,22.817518248175183,1000.0,0.022817518248175184,981.6880539641415,-452.32423956642083
2026-02-09,0.0,0.0,0.0,981.6880539641415,-452.32423956642083
2026-02-10,0.0,0.0,0.0,981.6880539641415,-452.32423956642083
2026-02-11,-11.793166814249243,1000.0,-0.011793166814249243,969.8948871498923,-464.1174063806701
2026-02-12,-134.86148776727674,3000.0,-0.044953829255758915,835.0333993826155,-598.9788941479469
2026-02-13,0.0,0.0,0.0,835.0333993826155,-598.9788941479469
2026-02-16,0.0,0.0,0.0,835.0333993826155,-598.9788941479469
2026-02-17,-37.24353742102909,4000.0,-0.009310884355257272,797.7898619615864,-636.2224315689759
2026-02-18,-28.778667824623227,2000.0,-0.014389333912311614,769.0111941369632,-665.0010993935991
2026-02-19,86.56634287448715,3000.0,0.02885544762482905,855.5775370114504,-578.4347565191119
2026-02-20,0.0,0.0,0.0,855.5775370114504,-578.4347565191119
2026-02-23,0.0,0.0,0.0,855.5775370114504,-578.4347565191119
2026-02-24,-137.74934087025838,3000.0,-0.045916446956752795,717.828196141192,-716.1840973893703
2026-02-25,-36.21090365161696,1000.0,-0.03621090365161696,681.6172924895751,-752.3950010409873
2026-02-26,-51.68239891708735,3000.0,-0.01722746630569578,629.9348935724878,-804.0773999580746
2026-02-27,-76.18573581285108,5000.0,-0.015237147162570215,553.7491577596368,-880.2631357709256
2026-03-02,0.0,0.0,0.0,553.7491577596368,-880.2631357709256
2026-03-03,-156.9690824239157,1000.0,-0.1569690824239157,396.7800753357211,-1037.2322181948412
2026-03-04,-49.57393646312977,3000.0,-0.016524645487709922,347.20613887259134,-1086.806154657971
2026-03-05,8.456415163590604,2000.0,0.004228207581795302,355.6625540361819,-1078.3497394943804
2026-03-06,-219.0604375191273,8000.0,-0.02738255468989091,136.6021165170546,-1297.4101770135078
2026-03-09,-26.05960157829308,1000.0,-0.02605960157829308,110.54251493876153,-1323.4697785918008
2026-03-10,0.0,0.0,0.0,110.54251493876153,-1323.4697785918008
2026-03-11,0.0,0.0,0.0,110.54251493876153,-1323.4697785918008
2026-03-12,0.0,0.0,0.0,110.54251493876153,-1323.4697785918008
2026-03-13,0.0,0.0,0.0,110.54251493876153,-1323.4697785918008
2026-03-16,0.0,0.0,0.0,110.54251493876153,-1323.4697785918008
2026-03-17,0.0,0.0,0.0,110.54251493876153,-1323.4697785918008
2026-03-18,0.0,0.0,0.0,110.54251493876153,-1323.4697785918008
2026-03-19,0.0,0.0,0.0,110.54251493876153,-1323.4697785918008
2026-03-20,-64.72000592252935,3000.0,-0.021573335307509784,45.822509016232175,-1388.1897845143303
2026-03-23,-152.38626770132166,6000.0,-0.02539771128355361,-106.56375868508948,-1540.5760522156518
2026-03-24,-529.5197296654512,10000.0,-0.05295197296654512,-636.0834883505407,-2070.095781881103
2026-03-25,0.0,0.0,0.0,-636.0834883505407,-2070.095781881103
2026-03-26,59.963889981542145,1000.0,0.059963889981542146,-576.1195983689986,-2010.131891899561
2026-03-27,0.0,0.0,0.0,-576.1195983689986,-2010.131891899561
2026-03-30,497.0654911490277,6000.0,0.08284424852483795,-79.05410721997089,-1513.0664007505334
2026-03-31,0.0,0.0,0.0,-79.05410721997089,-1513.0664007505334
2026-04-01,-168.0465605758265,3000.0,-0.05601552019194217,-247.1006677957974,-1681.1129613263597
2026-04-02,877.2202195016588,14000.0,0.06265858710726134,630.1195517058613,-803.892741824701
2026-04-03,0.0,0.0,0.0,630.1195517058613,-803.892741824701
2026-04-06,0.0,0.0,0.0,630.1195517058613,-803.892741824701
2026-04-07,0.0,0.0,0.0,630.1195517058613,-803.892741824701
2026-04-08,-101.24756092586614,2000.0,-0.05062378046293307,528.8719907799953,-905.1403027505671
2026-04-09,194.83981557785114,13000.0,0.014987678121373164,723.7118063578464,-710.300487172716
2026-04-10,0.0,0.0,0.0,723.7118063578464,-710.300487172716
2026-04-13,0.0,0.0,0.0,723.7118063578464,-710.300487172716
2026-04-14,0.0,0.0,0.0,723.7118063578464,-710.300487172716
2026-04-15,0.0,0.0,0.0,723.7118063578464,-710.300487172716
2026-04-16,12.160766925299134,1000.0,0.012160766925299134,735.8725732831456,-698.1397202474168
2026-04-17,0.0,0.0,0.0,735.8725732831456,-698.1397202474168
2026-04-20,-29.868686204487503,2000.0,-0.014934343102243751,706.0038870786581,-728.0084064519043
2026-04-21,0.0,0.0,0.0,706.0038870786581,-728.0084064519043
2026-04-22,0.0,0.0,0.0,706.0038870786581,-728.0084064519043
2026-04-23,0.0,0.0,0.0,706.0038870786581,-728.0084064519043
2026-04-24,-17.779508084622236,1000.0,-0.017779508084622236,688.2243789940359,-745.7879145365265
2026-04-27,-47.23990677061786,1000.0,-0.04723990677061786,640.984472223418,-793.0278213071443
2026-04-28,-29.98228593552463,1000.0,-0.02998228593552463,611.0021862878934,-823.0101072426689
2026-04-29,624.4707205784704,4000.0,0.1561176801446176,1235.4729068663637,-198.53938666419867
2026-04-30,0.0,0.0,0.0,1235.4729068663637,-198.53938666419867
2026-05-01,0.0,0.0,0.0,1235.4729068663637,-198.53938666419867
2026-05-04,18.991416548548106,2000.0,0.009495708274274053,1254.4643234149119,-179.54797011565051
2026-05-05,-80.41736846497373,3000.0,-0.02680578948832458,1174.046954949938,-259.96533858062435
2026-05-06,-12.727995500118862,1000.0,-0.012727995500118862,1161.3189594498192,-272.69333408074317
2026-05-07,0.0,0.0,0.0,1161.3189594498192,-272.69333408074317
2026-05-08,0.0,0.0,0.0,1161.3189594498192,-272.69333408074317
2026-05-11,0.0,0.0,0.0,1161.3189594498192,-272.69333408074317
2026-05-12,0.0,0.0,0.0,1161.3189594498192,-272.69333408074317
2026-05-13,0.0,0.0,0.0,1161.3189594498192,-272.69333408074317
2026-05-14,0.0,0.0,0.0,1161.3189594498192,-272.69333408074317
2026-05-15,0.0,0.0,0.0,1161.3189594498192,-272.69333408074317
2026-05-18,0.0,0.0,0.0,1161.3189594498192,-272.69333408074317
2026-05-19,0.0,0.0,0.0,1161.3189594498192,-272.69333408074317
2026-05-20,0.0,0.0,0.0,1161.3189594498192,-272.69333408074317
2026-05-21,0.0,0.0,0.0,1161.3189594498192,-272.69333408074317
2026-05-22,0.0,0.0,0.0,1161.3189594498192,-272.69333408074317
2026-05-25,0.0,0.0,0.0,1161.3189594498192,-272.69333408074317
2026-05-26,-41.57783481817986,1000.0,-0.04157783481817986,1119.7411246316394,-314.27116889892295
2026-05-27,336.18788560442573,2000.0,0.16809394280221288,1455.929010236065,0.0
2026-05-28,398.84750810129316,3000.0,0.13294916936709772,1854.7765183373583,0.0
2026-05-29,0.0,0.0,0.0,1854.7765183373583,0.0
2026-06-01,492.61675839442023,3000.0,0.1642055861314734,2347.3932767317783,0.0
