symbol,trade_count,total_net_profit,win_rate,average_winner,average_loser,payoff_ratio,profit_factor,expectancy,largest_winner,largest_loser,maximum_consecutive_losses
AAL,1,16.900284094982354,1.0,16.900284094982354,,,,16.900284094982354,16.900284094982354,,0
AB,1,22.010181100187882,1.0,22.010181100187882,,,,22.010181100187882,22.010181100187882,,0
ABT,1,-13.578896888216635,0.0,,-13.578896888216635,,0.0,-13.578896888216635,,-13.578896888216635,1
ACN,1,-22.672765428315458,0.0,,-22.672765428315458,,0.0,-22.672765428315458,,-22.672765428315458,1
ADI,1,37.13802013521434,1.0,37.13802013521434,,,,37.13802013521434,37.13802013521434,,0
ADSK,1,-16.306538793665275,0.0,,-16.306538793665275,,0.0,-16.306538793665275,,-16.306538793665275,1
AMAT,1,-23.01005206461391,0.0,,-23.01005206461391,,0.0,-23.01005206461391,,-23.01005206461391,1
AMP,1,-17.213535253971475,0.0,,-17.213535253971475,,0.0,-17.213535253971475,,-17.213535253971475,1
AMZN,1,-8.958905736632076,0.0,,-8.958905736632076,,0.0,-8.958905736632076,,-8.958905736632076,1
APLD,1,-0.37398093822947054,0.0,,-0.37398093822947054,,0.0,-0.37398093822947054,,-0.37398093822947054,1
AXP,1,-24.39033727213354,0.0,,-24.39033727213354,,0.0,-24.39033727213354,,-24.39033727213354,1
AXSM,1,-10.152616746651116,0.0,,-10.152616746651116,,0.0,-10.152616746651116,,-10.152616746651116,1
AZZ,1,-20.764329993206523,0.0,,-20.764329993206523,,0.0,-20.764329993206523,,-20.764329993206523,1
BA,3,210.22583509808638,1.0,70.0752783660288,,,,70.0752783660288,79.33434829829282,,0
BAC,1,-34.658500086697664,0.0,,-34.658500086697664,,0.0,-34.658500086697664,,-34.658500086697664,1
BGC,1,-11.793166814249243,0.0,,-11.793166814249243,,0.0,-11.793166814249243,,-11.793166814249243,1
BLK,1,-20.272327763044622,0.0,,-20.272327763044622,,0.0,-20.272327763044622,,-20.272327763044622,1
BNO,10,-186.22153204320264,0.2,169.02239658539986,-65.53329065175029,2.5791837233323114,0.6447959308330778,-18.622153204320263,262.02277384327914,-115.55422804604432,6
BP,2,-13.540950900780278,0.5,0.00713988139218058,-13.548090782172459,0.0005270027716064424,0.0005270027716064424,-6.770475450390139,0.00713988139218058,-13.548090782172459,1
BURL,1,-15.103015691001932,0.0,,-15.103015691001932,,0.0,-15.103015691001932,,-15.103015691001932,1
BWXT,2,-86.29927399376056,0.0,,-43.14963699688028,,0.0,-43.14963699688028,,-74.81553398058252,2
BYRN,1,-18.817649332275835,0.0,,-18.817649332275835,,0.0,-18.817649332275835,,-18.817649332275835,1
C,1,-32.82092210699627,0.0,,-32.82092210699627,,0.0,-32.82092210699627,,-32.82092210699627,1
CASH,1,-2.667673934256176,0.0,,-2.667673934256176,,0.0,-2.667673934256176,,-2.667673934256176,1
CASY,1,-26.05960157829308,0.0,,-26.05960157829308,,0.0,-26.05960157829308,,-26.05960157829308,1
CB,1,-21.184731237803557,0.0,,-21.184731237803557,,0.0,-21.184731237803557,,-21.184731237803557,1
CBOE,1,-36.857378976978815,0.0,,-36.857378976978815,,0.0,-36.857378976978815,,-36.857378976978815,1
CBRL,1,73.46021516297768,1.0,73.46021516297768,,,,73.46021516297768,73.46021516297768,,0
CFG,1,-24.752324375537558,0.0,,-24.752324375537558,,0.0,-24.752324375537558,,-24.752324375537558,1
CHDN,1,-56.25263924449122,0.0,,-56.25263924449122,,0.0,-56.25263924449122,,-56.25263924449122,1
CME,2,26.927900230857354,0.5,38.996247775842065,-12.068347544984709,3.231283125588133,3.231283125588133,13.463950115428677,38.996247775842065,-12.068347544984709,1
CMG,1,31.37583116665008,1.0,31.37583116665008,,,,31.37583116665008,31.37583116665008,,0
CNXC,1,-109.79557803869777,0.0,,-109.79557803869777,,0.0,-109.79557803869777,,-109.79557803869777,1
COKE,1,95.25683002026514,1.0,95.25683002026514,,,,95.25683002026514,95.25683002026514,,0
CPB,1,-44.52532711934075,0.0,,-44.52532711934075,,0.0,-44.52532711934075,,-44.52532711934075,1
CRSP,1,17.577404895249625,1.0,17.577404895249625,,,,17.577404895249625,17.577404895249625,,0
CSCO,1,5.28399323304012,1.0,5.28399323304012,,,,5.28399323304012,5.28399323304012,,0
CVS,2,-38.01446633976199,0.0,,-19.007233169880994,,0.0,-19.007233169880994,,-19.357792397514267,2
CVX,1,-27.1140249360343,0.0,,-27.1140249360343,,0.0,-27.1140249360343,,-27.1140249360343,1
DAL,1,-19.92171502166417,0.0,,-19.92171502166417,,0.0,-19.92171502166417,,-19.92171502166417,1
DELL,1,321.88189402944045,1.0,321.88189402944045,,,,321.88189402944045,321.88189402944045,,0
DG,2,164.93084980698188,1.0,82.46542490349094,,,,82.46542490349094,88.7659091800136,,0
DGX,1,51.2449556871457,1.0,51.2449556871457,,,,51.2449556871457,51.2449556871457,,0
DKS,1,-18.170204108488473,0.0,,-18.170204108488473,,0.0,-18.170204108488473,,-18.170204108488473,1
DLR,1,-21.743054272388353,0.0,,-21.743054272388353,,0.0,-21.743054272388353,,-21.743054272388353,1
DLTR,2,133.88715653745828,1.0,66.94357826872914,,,,66.94357826872914,71.87860278821448,,0
DOCU,1,166.6820944415507,1.0,166.6820944415507,,,,166.6820944415507,166.6820944415507,,0
DPZ,2,-77.40518924480557,0.0,,-38.702594622402785,,0.0,-38.702594622402785,,-43.79420260960465,2
EFX,1,-58.58149331039947,0.0,,-58.58149331039947,,0.0,-58.58149331039947,,-58.58149331039947,1
EVR,1,-40.49881862521085,0.0,,-40.49881862521085,,0.0,-40.49881862521085,,-40.49881862521085,1
EWBC,1,-48.68169612567933,0.0,,-48.68169612567933,,0.0,-48.68169612567933,,-48.68169612567933,1
F,1,3.805509815405882,1.0,3.805509815405882,,,,3.805509815405882,3.805509815405882,,0
FAST,1,-44.65999432342411,0.0,,-44.65999432342411,,0.0,-44.65999432342411,,-44.65999432342411,1
FDS,1,-54.8169229984855,0.0,,-54.8169229984855,,0.0,-54.8169229984855,,-54.8169229984855,1
FDX,1,17.930928010738462,1.0,17.930928010738462,,,,17.930928010738462,17.930928010738462,,0
FNF,1,-12.727995500118862,0.0,,-12.727995500118862,,0.0,-12.727995500118862,,-12.727995500118862,1
FRO,1,-41.57783481817986,0.0,,-41.57783481817986,,0.0,-41.57783481817986,,-41.57783481817986,1
FSK,1,-21.21802245994631,0.0,,-21.21802245994631,,0.0,-21.21802245994631,,-21.21802245994631,1
GBCI,1,-39.227429007752654,0.0,,-39.227429007752654,,0.0,-39.227429007752654,,-39.227429007752654,1
GD,42,-56.802359544450724,0.42857142857142855,25.18812164772548,-21.257856216812893,1.1848853144374987,0.8886639858281241,-1.3524371320107316,84.29460030034123,-53.87713310580205,11
GLD,3,39.629189760441825,1.0,13.209729920147275,,,,13.209729920147275,23.959140988964375,,0
GM,1,28.996868159007445,1.0,28.996868159007445,,,,28.996868159007445,28.996868159007445,,0
GOOG,1,26.390617679077415,1.0,26.390617679077415,,,,26.390617679077415,26.390617679077415,,0
GOOGL,1,23.44469707711964,1.0,23.44469707711964,,,,23.44469707711964,23.44469707711964,,0
GPI,1,-39.80032436815603,0.0,,-39.80032436815603,,0.0,-39.80032436815603,,-39.80032436815603,1
GS,2,-7.845980749191341,0.5,17.57563746826926,-25.4216182174606,0.6913658020478648,0.6913658020478648,-3.9229903745956705,17.57563746826926,-25.4216182174606,1
HAL,1,-72.38736018105911,0.0,,-72.38736018105911,,0.0,-72.38736018105911,,-72.38736018105911,1
HELE,1,28.670180636966336,1.0,28.670180636966336,,,,28.670180636966336,28.670180636966336,,0
HII,3,56.165728933039745,0.3333333333333333,108.14633462696756,-25.990302846963907,4.161026336005193,2.0805131680025966,18.72190964434658,108.14633462696756,-28.088569349726846,2
HLT,2,-41.400165978428085,0.0,,-20.700082989214042,,0.0,-20.700082989214042,,-25.495297684702763,2
HPQ,1,173.42165733245483,1.0,173.42165733245483,,,,173.42165733245483,173.42165733245483,,0
IBKR,1,57.580771642409836,1.0,57.580771642409836,,,,57.580771642409836,57.580771642409836,,0
IBM,1,-36.60768244366378,0.0,,-36.60768244366378,,0.0,-36.60768244366378,,-36.60768244366378,1
ICE,1,-68.97849725731221,0.0,,-68.97849725731221,,0.0,-68.97849725731221,,-68.97849725731221,1
INSM,1,69.57096368994749,1.0,69.57096368994749,,,,69.57096368994749,69.57096368994749,,0
INTC,1,4.600601202993509,1.0,4.600601202993509,,,,4.600601202993509,4.600601202993509,,0
IOT,1,252.47444878989185,1.0,252.47444878989185,,,,252.47444878989185,252.47444878989185,,0
ITA,38,247.80566580914507,0.5,35.18598333593512,-22.143579872295913,1.5889925449658981,1.5889925449658984,6.521201731819607,113.56352202734212,-45.589906523260034,12
JBL,1,-37.77758183715873,0.0,,-37.77758183715873,,0.0,-37.77758183715873,,-37.77758183715873,1
JNJ,1,53.60807372617792,1.0,53.60807372617792,,,,53.60807372617792,53.60807372617792,,0
JPM,3,-54.22081596243978,0.0,,-18.07360532081326,,0.0,-18.07360532081326,,-24.26707125766958,3
KCE,1,-35.863939505659424,0.0,,-35.863939505659424,,0.0,-35.863939505659424,,-35.863939505659424,1
KEY,1,-33.4666748046875,0.0,,-33.4666748046875,,0.0,-33.4666748046875,,-33.4666748046875,1
KFY,1,19.477122426317166,1.0,19.477122426317166,,,,19.477122426317166,19.477122426317166,,0
KMI,1,-30.26852503984876,0.0,,-30.26852503984876,,0.0,-30.26852503984876,,-30.26852503984876,1
KMX,1,-50.99368951396842,0.0,,-50.99368951396842,,0.0,-50.99368951396842,,-50.99368951396842,1
KO,1,30.282385881626645,1.0,30.282385881626645,,,,30.282385881626645,30.282385881626645,,0
KR,2,4.833058233763877,0.5,12.835049850923058,-8.001991617159181,1.603981916626861,1.603981916626861,2.4165291168819385,12.835049850923058,-8.001991617159181,1
KRE,1,5.685436224083627,1.0,5.685436224083627,,,,5.685436224083627,5.685436224083627,,0
KSS,1,-156.9690824239157,0.0,,-156.9690824239157,,0.0,-156.9690824239157,,-156.9690824239157,1
LENZ,1,-67.21049243406304,0.0,,-67.21049243406304,,0.0,-67.21049243406304,,-67.21049243406304,1
LEVI,1,51.017219904629286,1.0,51.017219904629286,,,,51.017219904629286,51.017219904629286,,0
LMT,42,108.33195004145713,0.5238095238095238,35.176229731639076,-33.27725520273013,1.0570652392254138,1.1627717631479555,2.5793321438442174,93.1961510998097,-101.89995547151045,7
LPLA,1,31.635028475389277,1.0,31.635028475389277,,,,31.635028475389277,31.635028475389277,,0
LUV,1,32.00544940360198,1.0,32.00544940360198,,,,32.00544940360198,32.00544940360198,,0
LVS,1,-86.56020349084405,0.0,,-86.56020349084405,,0.0,-86.56020349084405,,-86.56020349084405,1
LZB,1,-5.0920572619360165,0.0,,-5.0920572619360165,,0.0,-5.0920572619360165,,-5.0920572619360165,1
M,1,131.3666341280492,1.0,131.3666341280492,,,,131.3666341280492,131.3666341280492,,0
MAT,1,-66.35914271434592,0.0,,-66.35914271434592,,0.0,-66.35914271434592,,-66.35914271434592,1
MCHP,1,-0.9291683571802551,0.0,,-0.9291683571802551,,0.0,-0.9291683571802551,,-0.9291683571802551,1
MCO,1,-43.048851617588475,0.0,,-43.048851617588475,,0.0,-43.048851617588475,,-43.048851617588475,1
MKC,1,46.17078865262447,1.0,46.17078865262447,,,,46.17078865262447,46.17078865262447,,0
MLKN,1,-70.94864522290796,0.0,,-70.94864522290796,,0.0,-70.94864522290796,,-70.94864522290796,1
MMM,1,-37.42599976344479,0.0,,-37.42599976344479,,0.0,-37.42599976344479,,-37.42599976344479,1
MRK,2,-33.28717930761529,0.5,13.952727463002564,-47.23990677061786,0.29535891192064845,0.29535891192064845,-16.643589653807645,13.952727463002564,-47.23990677061786,1
MRNA,1,-60.11219688316216,0.0,,-60.11219688316216,,0.0,-60.11219688316216,,-60.11219688316216,1
MRX,1,-50.59459118085236,0.0,,-50.59459118085236,,0.0,-50.59459118085236,,-50.59459118085236,1
MS,3,-55.840154727382085,0.0,,-18.61338490912736,,0.0,-18.61338490912736,,-26.892650066755422,3
MTN,1,-24.239437376858586,0.0,,-24.239437376858586,,0.0,-24.239437376858586,,-24.239437376858586,1
MU,1,7.938821941041153,1.0,7.938821941041153,,,,7.938821941041153,7.938821941041153,,0
NDAQ,1,-32.299655584682185,0.0,,-32.299655584682185,,0.0,-32.299655584682185,,-32.299655584682185,1
NFLX,1,-27.241938351854785,0.0,,-27.241938351854785,,0.0,-27.241938351854785,,-27.241938351854785,1
NOC,51,182.1028046985247,0.4117647058823529,39.89034253003111,-21.853146281070956,1.8253821219594293,1.2777674853716006,3.570643229382837,141.59281924432383,-70.25390210184572,7
NRIX,1,53.08479670319623,1.0,53.08479670319623,,,,53.08479670319623,53.08479670319623,,0
NYT,1,30.271715685921393,1.0,30.271715685921393,,,,30.271715685921393,30.271715685921393,,0
OIH,1,-7.333507506850778,0.0,,-7.333507506850778,,0.0,-7.333507506850778,,-7.333507506850778,1
OKTA,1,93.27215286551798,1.0,93.27215286551798,,,,93.27215286551798,93.27215286551798,,0
OMC,1,-9.112414829103738,0.0,,-9.112414829103738,,0.0,-9.112414829103738,,-9.112414829103738,1
ON,1,33.32715551057023,1.0,33.32715551057023,,,,33.32715551057023,33.32715551057023,,0
OPEN,1,-79.33809941797564,0.0,,-79.33809941797564,,0.0,-79.33809941797564,,-79.33809941797564,1
ORLY,1,-1.0841154944569074,0.0,,-1.0841154944569074,,0.0,-1.0841154944569074,,-1.0841154944569074,1
OTLK,1,-65.00000238418579,0.0,,-65.00000238418579,,0.0,-65.00000238418579,,-65.00000238418579,1
PEP,2,43.17233626852881,0.5,45.670821906536105,-2.498485638007292,18.279401414915323,18.279401414915323,21.586168134264405,45.670821906536105,-2.498485638007292,1
PFE,1,14.882619425526347,1.0,14.882619425526347,,,,14.882619425526347,14.882619425526347,,0
PGEN,1,1679.0122789247175,1.0,1679.0122789247175,,,,1679.0122789247175,1679.0122789247175,,0
PHM,1,-22.11881913288985,0.0,,-22.11881913288985,,0.0,-22.11881913288985,,-22.11881913288985,1
PM,1,16.547172240166738,1.0,16.547172240166738,,,,16.547172240166738,16.547172240166738,,0
PNC,1,-20.807495704649313,0.0,,-20.807495704649313,,0.0,-20.807495704649313,,-20.807495704649313,1
POWL,1,-151.8287926287137,0.0,,-151.8287926287137,,0.0,-151.8287926287137,,-151.8287926287137,1
PPA,1,-7.615966829825597,0.0,,-7.615966829825597,,0.0,-7.615966829825597,,-7.615966829825597,1
PRGS,1,-10.963152684741138,0.0,,-10.963152684741138,,0.0,-10.963152684741138,,-10.963152684741138,1
PYPL,2,34.37588673128555,1.0,17.187943365642774,,,,17.187943365642774,22.36034744243761,,0
RBLX,1,12.308270017413227,1.0,12.308270017413227,,,,12.308270017413227,12.308270017413227,,0
RELL,1,-5.08322038875413,0.0,,-5.08322038875413,,0.0,-5.08322038875413,,-5.08322038875413,1
RGP,1,-2.0080321208232585,0.0,,-2.0080321208232585,,0.0,-2.0080321208232585,,-2.0080321208232585,1
RL,1,-42.28092583328426,0.0,,-42.28092583328426,,0.0,-42.28092583328426,,-42.28092583328426,1
RTX,50,-63.94241045114659,0.44,32.42287841779308,-27.758776272949802,1.1680226137846113,0.917732053687909,-1.2788482090229318,79.01615891686374,-69.70778907258116,11
SCHW,1,-36.14791352875025,0.0,,-36.14791352875025,,0.0,-36.14791352875025,,-36.14791352875025,1
SFBS,1,-16.93452300455242,0.0,,-16.93452300455242,,0.0,-16.93452300455242,,-16.93452300455242,1
SHEL,6,43.43522345760666,1.0,7.23920390960111,,,,7.23920390960111,24.244266769555832,,0
SNOW,1,162.7662282719709,1.0,162.7662282719709,,,,162.7662282719709,162.7662282719709,,0
SNY,3,-110.62779888045773,0.0,,-36.875932960152575,,0.0,-36.875932960152575,,-62.866004860310866,3
SOFI,1,51.00106146061131,1.0,51.00106146061131,,,,51.00106146061131,51.00106146061131,,0
SPGI,1,-135.18947511139774,0.0,,-135.18947511139774,,0.0,-135.18947511139774,,-135.18947511139774,1
SSTK,1,-9.748890342083465,0.0,,-9.748890342083465,,0.0,-9.748890342083465,,-9.748890342083465,1
STT,1,-36.476782658479664,0.0,,-36.476782658479664,,0.0,-36.476782658479664,,-36.476782658479664,1
STZ,1,67.57502980313005,1.0,67.57502980313005,,,,67.57502980313005,67.57502980313005,,0
SUN,1,6.9758772597001695,1.0,6.9758772597001695,,,,6.9758772597001695,6.9758772597001695,,0
T,1,-5.809538341703869,0.0,,-5.809538341703869,,0.0,-5.809538341703869,,-5.809538341703869,1
TFC,1,-27.02201865634745,0.0,,-27.02201865634745,,0.0,-27.02201865634745,,-27.02201865634745,1
TIP,3,11.082999182595188,0.6666666666666666,6.722431944480585,-2.3618647063659814,2.8462392136016423,5.692478427203285,3.6943330608650626,11.677140462576379,-2.3618647063659814,1
TLX,1,-100.90105974528721,0.0,,-100.90105974528721,,0.0,-100.90105974528721,,-100.90105974528721,1
TNXP,1,25.842246065506938,1.0,25.842246065506938,,,,25.842246065506938,25.842246065506938,,0
TSEM,1,-111.74097468532993,0.0,,-111.74097468532993,,0.0,-111.74097468532993,,-111.74097468532993,1
TXN,1,-44.4400433762494,0.0,,-44.4400433762494,,0.0,-44.4400433762494,,-44.4400433762494,1
UBER,1,-38.64667734842814,0.0,,-38.64667734842814,,0.0,-38.64667734842814,,-38.64667734842814,1
UCO,3,-64.09811656751606,0.3333333333333333,64.57420478972011,-64.33616067861809,1.0037000049208895,0.5018500024604448,-21.366038855838685,64.57420478972011,-99.00922906620877,2
UNTY,1,-8.975792796045425,0.0,,-8.975792796045425,,0.0,-8.975792796045425,,-8.975792796045425,1
UPS,1,3.35613926727208,1.0,3.35613926727208,,,,3.35613926727208,3.35613926727208,,0
URBN,1,-64.7306021342165,0.0,,-64.7306021342165,,0.0,-64.7306021342165,,-64.7306021342165,1
USB,1,-25.390623804452513,0.0,,-25.390623804452513,,0.0,-25.390623804452513,,-25.390623804452513,1
USFD,1,1.8570076660582293,1.0,1.8570076660582293,,,,1.8570076660582293,1.8570076660582293,,0
USO,38,1303.8357874303124,0.6052631578947368,91.52342733953468,-53.41353609193234,1.7134875171344162,2.6273475262727715,34.311468090271376,272.31606831173696,-121.03908302834084,4
VZ,1,-40.69403949609462,0.0,,-40.69403949609462,,0.0,-40.69403949609462,,-40.69403949609462,1
WFC,2,-59.95401576217271,0.0,,-29.977007881086355,,0.0,-29.977007881086355,,-49.22550347250058,2
XAR,1,-18.85096068895174,0.0,,-18.85096068895174,,0.0,-18.85096068895174,,-18.85096068895174,1
XLE,36,-59.53299678785001,0.4444444444444444,32.559625270620394,-29.024350055888817,1.1218037684883246,0.8974430147906598,-1.6536943552180559,88.51652675269824,-56.01552019194217,8
XLF,1,4.019734273837369,1.0,4.019734273837369,,,,4.019734273837369,4.019734273837369,,0
XOM,10,-27.65740139674014,0.7,5.577324524068189,-22.232891021739153,0.25085916710583084,0.5853380565802719,-2.765740139674014,13.65900913045077,-32.15681607466,1
XOP,1,3.821186699949437,1.0,3.821186699949437,,,,3.821186699949437,3.821186699949437,,0
YUM,1,-15.986845209888147,0.0,,-15.986845209888147,,0.0,-15.986845209888147,,-15.986845209888147,1
ZM,1,-62.105823335193456,0.0,,-62.105823335193456,,0.0,-62.105823335193456,,-62.105823335193456,1
