market_id,symbol,archetype,relevance,split,entry_date,entry_prob,entry_price,exit_date,exit_price,exit_reason,peak_pct,trough_pct,return_pct,_entry_ts,_exit_ts,candidate_t_theta,candidate_t_e,_qty,_position_size_pct,_asset_entry_notional,_benchmark_sell_cost,_asset_buy_cost,realized_exit_reason,gross_pnl,pnl,pnl_pct,txn_cost,exit_value,benchmark_rebuy_qty
1986792,EFX,Equifax Earnings,0.95,test,2026-04-17,0.77,196.22,2026-04-21,192.42,resolution-1d,1.97,-5.13,-1.94,2026-04-17 00:00:00+00:00,2026-04-21 00:00:00+00:00,2026-04-17,2026-04-21,32,0.061244811348778114,6279.04,3.72,3.49,resolution-1d,-121.6,-135.58,-2.1592,13.98,6157.44,8
1986790,MSCI,MSCI Earnings,0.95,test,2026-04-17,0.77,568.55,2026-04-21,597.39,resolution-1d,0.33,-2.14,5.07,2026-04-17 00:00:00+00:00,2026-04-21 00:00:00+00:00,2026-04-17,2026-04-21,11,0.061244811348778114,6254.05,3.72,3.48,resolution-1d,317.24,302.7,4.8401,14.54,6571.29,9
1937070,CBRE,CBRE Group Earnings,1.0,test,2026-04-17,0.85,151.51,2026-04-23,149.31,resolution-1d,1.78,-5.22,-1.45,2026-04-17 00:00:00+00:00,2026-04-23 00:00:00+00:00,2026-04-13,2026-04-23,42,0.061244811348778114,6363.42,3.72,3.53,resolution-1d,-92.4,-106.49,-1.6735,14.09,6271.02,8
1937066,AXP,American Express Earnings,1.0,test,2026-04-17,0.8,331.69,2026-04-23,318.55,resolution-1d,1.93,-5.11,-3.96,2026-04-17 00:00:00+00:00,2026-04-23 00:00:00+00:00,2026-04-14,2026-04-23,19,0.061244811348778114,6302.11,3.72,3.5,resolution-1d,-249.66,-263.61,-4.1829,13.95,6052.45,8
1986800,NXPI,NXP Semiconductors Earnings,1.0,test,2026-04-17,0.77,216.03,2026-04-28,230.39,resolution-1d,13.5,-2.67,6.65,2026-04-17 00:00:00+00:00,2026-04-28 00:00:00+00:00,2026-04-17,2026-04-28,29,0.061244811348778114,6264.87,3.72,3.48,resolution-1d,416.44,401.81,6.4137,14.63,6681.31,9
1986797,KO,Coca-Cola Earnings,0.98,test,2026-04-17,0.77,75.74,2026-04-28,78.35,resolution-1d,1.68,-1.57,3.45,2026-04-17 00:00:00+00:00,2026-04-28 00:00:00+00:00,2026-04-17,2026-04-28,84,0.061244811348778114,6362.16,3.72,3.53,resolution-1d,219.24,204.61,3.2161,14.63,6581.4,9
1986798,BP,BP Earnings,0.95,test,2026-04-17,0.77,44.59,2026-04-28,46.35,resolution-1d,5.32,-2.8,3.95,2026-04-17 00:00:00+00:00,2026-04-28 00:00:00+00:00,2026-04-17,2026-04-28,143,0.061244811348778114,6376.37,3.72,3.69,resolution-1d,251.68,236.72,3.7124,14.96,6628.05,9
1986801,SYY,Sysco Earnings,1.0,test,2026-04-23,0.915,75.81,2026-04-28,73.37,resolution-1d,1.35,-5.61,-3.22,2026-04-23 00:00:00+00:00,2026-04-28 00:00:00+00:00,2026-04-17,2026-04-28,46,0.036769312870273275,3487.26,2.22,2.09,resolution-1d,-112.24,-120.45,-3.4541,8.21,3375.02,4
2044093,AMZN,Amazon Earnings,1.0,test,2026-04-21,0.84,249.91,2026-04-29,263.04,resolution-1d,5.84,-0.32,5.25,2026-04-21 00:00:00+00:00,2026-04-29 00:00:00+00:00,2026-04-21,2026-04-29,25,0.06453871783765927,6247.75,3.69,3.47,resolution-1d,328.25,313.72,5.0213,14.53,6576.0,9
2003557,MRK,Merck Earnings,0.98,test,2026-04-17,0.77,119.07,2026-04-30,109.18,resolution-1d,0.24,-9.38,-8.31,2026-04-17 00:00:00+00:00,2026-04-30 00:00:00+00:00,2026-04-17,2026-04-30,53,0.061244811348778114,6310.71,3.72,3.51,resolution-1d,-524.17,-538.03,-8.5256,13.86,5786.54,8
2003561,RDDT,Reddit Earnings,0.95,test,2026-04-21,0.915,156.82,2026-04-30,147.23,resolution-1d,4.84,-8.76,-6.12,2026-04-21 00:00:00+00:00,2026-04-30 00:00:00+00:00,2026-04-17,2026-04-30,40,0.06453871783765927,6272.8,3.69,3.49,resolution-1d,-383.6,-397.46,-6.3363,13.86,5889.2,8
2003560,RBLX,Roblox Earnings,0.95,test,2026-04-23,0.835,55.45,2026-04-30,55.26,resolution-1d,6.2,-5.1,-0.34,2026-04-23 00:00:00+00:00,2026-04-30 00:00:00+00:00,2026-04-17,2026-04-30,63,0.036769312870273275,3493.35,2.22,2.1,resolution-1d,-11.97,-20.26,-0.5801,8.29,3481.38,4
2039909,PIPR,Piper Sandler Earnings,1.0,test,2026-04-28,0.864,87.9,2026-05-01,79.42,resolution-1d,0.0,-9.75,-9.65,2026-04-28 00:00:00+00:00,2026-05-01 00:00:00+00:00,2026-04-24,2026-05-01,80,0.07303475629968273,7032.0,4.11,3.87,resolution-1d,-678.4,-693.32,-9.8594,14.92,6353.6,8
2039911,CBOE,Cboe Global Markets Earnings,1.0,test,2026-04-28,0.84,303.64,2026-05-01,326.96,resolution-1d,1.4,-1.56,7.68,2026-04-28 00:00:00+00:00,2026-05-01 00:00:00+00:00,2026-04-24,2026-05-01,23,0.07303475629968273,6983.72,4.11,3.84,resolution-1d,536.36,520.14,7.4479,16.22,7520.08,10
2039913,CVX,Chevron Earnings,1.0,test,2026-04-28,0.765,188.36,2026-05-01,190.63,resolution-1d,3.06,-0.96,1.21,2026-04-28 00:00:00+00:00,2026-05-01 00:00:00+00:00,2026-04-24,2026-05-01,37,0.07303475629968273,6969.32,4.11,3.83,resolution-1d,83.99,68.38,0.9812,15.61,7053.31,9
2048138,POWL,Powell Industries Earnings,1.0,test,2026-05-01,0.925,275.33,2026-05-04,269.95,resolution-1d,0.0,-2.93,-1.95,2026-05-01 00:00:00+00:00,2026-05-04 00:00:00+00:00,2026-04-25,2026-05-04,28,0.07681310163177175,7709.24,4.53,4.2,resolution-1d,-150.64,-167.65,-2.1747,17.01,7558.6,10
2048148,EA,Electronic Arts Earnings,0.95,test,2026-04-30,0.77,202.37,2026-05-05,201.57,resolution-1d,0.16,-0.48,-0.4,2026-04-30 00:00:00+00:00,2026-05-05 00:00:00+00:00,2026-04-27,2026-05-05,63,0.12516154363093465,12749.31,7.18,6.72,resolution-1d,-50.4,-77.85,-0.6107,27.45,12698.91,17
2115652,ARGX,argenx Vyvgart FDA Approval,0.9,test,2026-04-30,0.795,781.72,2026-05-05,805.17,profit_lock_3%,3.82,-0.86,3.0,2026-04-30 00:00:00+00:00,2026-05-05 00:00:00+00:00,2026-04-30,2026-05-10,16,0.12516154363093465,12507.52,7.18,6.6,profit_lock_3%,375.2,347.77,2.7805,27.43,12882.72,17
2048144,PFE,Pfizer Earnings,1.0,test,2026-05-01,0.954,26.33,2026-05-05,26.45,resolution-1d,0.68,-1.22,0.46,2026-05-01 00:00:00+00:00,2026-05-05 00:00:00+00:00,2026-04-24,2026-05-05,300,0.07681310163177175,7899.0,4.53,5.0,resolution-1d,36.0,17.26,0.2185,18.74,7935.0,10
2062018,APP,Applovin Earnings,1.0,test,2026-04-28,0.845,449.03,2026-05-06,468.83,resolution-1d,7.69,-4.18,4.41,2026-04-28 00:00:00+00:00,2026-05-06 00:00:00+00:00,2026-04-25,2026-05-06,15,0.07303475629968273,6735.45,4.11,3.72,resolution-1d,297.0,281.46,4.1787,15.54,7032.45,9
2062026,IONQ,IONQ Earnings,1.0,test,2026-05-01,0.913,46.2,2026-05-06,52.57,resolution-1d,6.36,-5.19,13.79,2026-05-01 00:00:00+00:00,2026-05-06 00:00:00+00:00,2026-04-25,2026-05-06,171,0.07681310163177175,7900.2,4.53,4.55,resolution-1d,1089.27,1070.09,13.5451,19.18,8989.47,12
2168995,SPCE,Virgin Galactic Earnings,0.95,test,2026-05-06,0.89,2.66,2026-05-08,2.94,poly<0.5507618478150426,0.0,-7.52,10.53,2026-05-06 00:00:00+00:00,2026-05-08 00:00:00+00:00,2026-05-06,2026-05-14,4128,0.10559703061911167,10980.48,6.16,19.94,poly<0.5507618478150426,1155.84,1102.64,10.0418,53.2,12136.32,16
2110077,ACM,AECOM Earnings,0.95,test,2026-04-30,0.765,84.1,2026-05-11,79.5,resolution-1d,2.05,-5.89,-5.47,2026-04-30 00:00:00+00:00,2026-05-11 00:00:00+00:00,2026-04-30,2026-05-11,153,0.12516154363093465,12867.3,7.18,6.97,resolution-1d,-703.8,-731.17,-5.6824,27.37,12163.5,16
2110081,PXLW,Pixelworks Earnings,0.9,test,2026-05-08,0.78,5.73,2026-05-12,5.91,resolution-1d,1.22,-3.84,3.14,2026-05-08 00:00:00+00:00,2026-05-12 00:00:00+00:00,2026-05-03,2026-05-12,1927,0.10684799671790432,11041.71,6.19,12.27,resolution-1d,346.86,309.76,2.8053,37.1,11388.57,15
2168996,GAMB,Gambling.com Earnings,0.9,test,2026-05-06,0.85,4.12,2026-05-14,4.14,resolution-1d,33.5,-4.59,0.49,2026-05-06 00:00:00+00:00,2026-05-14 00:00:00+00:00,2026-05-06,2026-05-14,2666,0.10559703061911167,10983.92,6.16,14.82,resolution-1d,53.32,11.6,0.1056,41.72,11037.24,14
2115679,AZN,AstraZeneca & Daiichi Sankyo Enhertu FDA Approval,0.72,test,2026-04-30,0.76,187.37,2026-05-18,183.92,resolution-1d,0.22,-3.93,-1.84,2026-04-30 00:00:00+00:00,2026-05-18 00:00:00+00:00,2026-04-30,2026-05-18,68,0.12516154363093465,12741.16,7.18,6.72,resolution-1d,-234.6,-261.71,-2.0541,27.11,12506.56,16
2168999,AS,Amer Sports Earnings,0.95,test,2026-05-06,0.845,37.19,2026-05-19,33.83,resolution-1d,0.43,-12.41,-9.03,2026-05-06 00:00:00+00:00,2026-05-19 00:00:00+00:00,2026-05-06,2026-05-19,295,0.10559703061911167,10971.05,6.16,6.52,resolution-1d,-991.2,-1015.3,-9.2543,24.1,9979.85,13
2186403,LOW,Lowe's Earnings,1.0,test,2026-05-12,0.915,224.52,2026-05-20,221.05,resolution-1d,0.0,-7.36,-1.55,2026-05-12 00:00:00+00:00,2026-05-20 00:00:00+00:00,2026-05-12,2026-05-20,42,0.09199756045324856,9429.84,5.41,5.06,resolution-1d,-145.74,-166.26,-1.7631,20.52,9284.1,12
2186404,URBN,Urban Outfitters Earnings,0.9,test,2026-05-12,0.855,67.01,2026-05-20,71.67,resolution-1d,4.61,-3.4,6.95,2026-05-12 00:00:00+00:00,2026-05-20 00:00:00+00:00,2026-05-12,2026-05-20,143,0.09199756045324856,9582.43,5.41,5.29,resolution-1d,666.38,644.6,6.7269,21.78,10248.81,13
2186405,ADI,Analog Devices Earnings,0.9,test,2026-05-12,0.895,419.65,2026-05-20,398.05,resolution-1d,3.83,-8.53,-5.15,2026-05-12 00:00:00+00:00,2026-05-20 00:00:00+00:00,2026-05-12,2026-05-20,22,0.09199756045324856,9232.3,5.41,4.97,resolution-1d,-475.2,-494.98,-5.3614,19.78,8757.1,11
2186406,DY,Dycom Industries Earnings,0.9,test,2026-05-12,0.855,429.4,2026-05-20,412.78,resolution-1d,5.73,-7.19,-3.87,2026-05-12 00:00:00+00:00,2026-05-20 00:00:00+00:00,2026-05-12,2026-05-20,22,0.09199756045324856,9446.8,5.41,5.07,resolution-1d,-365.64,-386.06,-4.0867,20.42,9081.16,12
2186413,WDAY,Workday Earnings,0.9,test,2026-05-12,0.885,118.62,2026-05-21,121.85,resolution-1d,14.59,-5.12,2.72,2026-05-12 00:00:00+00:00,2026-05-21 00:00:00+00:00,2026-05-12,2026-05-21,80,0.09199756045324856,9489.6,5.41,5.09,resolution-1d,258.4,237.23,2.4999,21.17,9748.0,13
2256958,CRM,Salesforce Earnings,0.95,test,2026-05-14,0.84,167.58,2026-05-27,177.51,resolution-1d,11.85,-1.94,5.93,2026-05-14 00:00:00+00:00,2026-05-27 00:00:00+00:00,2026-05-14,2026-05-27,44,0.07388959100193473,7373.52,4.3,4.04,resolution-1d,436.92,420.01,5.6961,16.91,7810.44,10
2256959,HPQ,HP Earnings,0.9,test,2026-05-21,0.865,21.9,2026-05-27,25.49,resolution-1d,16.76,-4.93,16.39,2026-05-21 00:00:00+00:00,2026-05-27 00:00:00+00:00,2026-05-15,2026-05-27,135,0.03,2956.5,1.92,1.95,resolution-1d,484.65,476.64,16.1218,8.01,3441.15,4
2277318,DELL,Dell Technologies Earnings,1.0,test,2026-05-20,0.94,242.93,2026-05-28,317.05,resolution-1d,28.49,-2.36,30.51,2026-05-20 00:00:00+00:00,2026-05-28 00:00:00+00:00,2026-05-20,2026-05-28,12,0.03,2915.16,1.91,1.81,resolution-1d,889.44,881.13,30.2256,8.31,3804.6,5
2277310,OKTA,Okta Earnings,1.0,test,2026-05-20,0.94,89.04,2026-05-28,94.72,resolution-1d,8.25,-6.39,6.38,2026-05-20 00:00:00+00:00,2026-05-28 00:00:00+00:00,2026-05-20,2026-05-28,33,0.03,2938.32,1.91,1.82,resolution-1d,187.44,179.85,6.1209,7.59,3125.76,4
2277279,WSM,Williams-Sonoma Earnings,1.0,test,2026-05-20,0.88,180.25,2026-05-28,205.6,resolution-1d,14.8,-6.63,14.06,2026-05-20 00:00:00+00:00,2026-05-28 00:00:00+00:00,2026-05-20,2026-05-28,16,0.03,2884.0,1.91,1.79,resolution-1d,405.6,397.95,13.7987,7.65,3289.6,4
2297855,HPE,Hewlett Packard Enterprise Earnings,1.0,test,2026-05-19,0.86,32.62,2026-06-01,47.0,resolution-1d,36.65,-2.27,44.08,2026-05-19 00:00:00+00:00,2026-06-01 00:00:00+00:00,2026-05-19,2026-06-01,89,0.03,2903.18,1.9,1.8,resolution-1d,1279.82,1271.32,43.7905,8.5,4183.0,5
2312808,CXM,Sprinklr Earnings,1.0,test,2026-05-20,0.855,5.27,2026-06-01,6.01,resolution-1d,7.02,-3.61,14.04,2026-05-20 00:00:00+00:00,2026-06-01 00:00:00+00:00,2026-05-20,2026-06-02,561,0.03,2956.47,1.91,3.44,resolution-1d,415.14,404.18,13.671,10.96,3371.61,4
2312767,PANW,Palo Alto Networks Earnings,1.0,test,2026-05-20,0.89,246.66,2026-06-01,300.48,resolution-1d,15.02,-4.62,21.82,2026-05-20 00:00:00+00:00,2026-06-01 00:00:00+00:00,2026-05-20,2026-06-02,12,0.03,2959.92,1.91,1.83,resolution-1d,645.84,637.98,21.554,7.86,3605.76,4
2357825,GTLB,GitLab Earnings,1.0,test,2026-05-27,0.805,26.52,2026-06-01,33.79,resolution-1d,17.35,-1.6,27.41,2026-05-27 00:00:00+00:00,2026-06-01 00:00:00+00:00,2026-05-27,2026-06-02,395,0.09836297945933975,10475.4,5.9,6.62,resolution-1d,2871.65,2843.91,27.1484,27.74,13347.05,17
2357826,M,Macy's Earnings,1.0,test,2026-05-27,0.83,21.05,2026-06-01,21.8,resolution-1d,7.27,-0.33,3.56,2026-05-27 00:00:00+00:00,2026-06-01 00:00:00+00:00,2026-05-27,2026-06-02,498,0.09836297945933975,10482.9,5.9,6.98,resolution-1d,373.5,347.49,3.3148,26.01,10856.4,14
